id,first_name,last_name,email,phone_number,city
1,Conni,Sinkin,csinkin0@tamu.edu,896-849-1322,Cibeureum
2,Clay,Goodanew,cgoodanew1@discuz.net,698-298-7540,Riah
3,Seline,Da Costa,sdacosta2@kickstarter.com,109-468-4249,Raczki
4,Augusto,Hickinbottom,ahickinbottom3@ucoz.ru,169-368-2349,Xigangzi
5,Mile,Watchorn,mwatchorn4@samsung.com,880-302-7805,Limoeiro
6,Sianna,Meighan,smeighan5@google.ru,553-543-2569,Tsurib
7,Kala,Morena,kmorena6@pcworld.com,225-955-4388,Mafang
8,Pauline,Macer,pmacer7@icio.us,408-383-8438,Kujang
9,Alexio,Screas,ascreas8@oaic.gov.au,234-195-6930,Kasamwa
10,Dane,Udale,dudale9@state.tx.us,917-508-3034,Xinkai
11,Phillida,Aviss,pavissa@wikimedia.org,412-281-8703,Uspenka
12,Meryl,Housiaux,mhousiauxb@msn.com,500-451-7862,Rawang
13,Aileen,Constance,aconstancec@washingtonpost.com,795-518-4614,Bonnyville
14,Emeline,Causbey,ecausbeyd@opensource.org,906-313-7208,Kushchëvskaya
15,Babita,Love,blovee@redcross.org,338-752-6851,Delvinë
16,Rowney,McNulty,rmcnultyf@ted.com,523-558-3361,Emplak
17,Tessy,Chater,tchaterg@examiner.com,801-239-6508,Haifa
18,Dame,Kenn,dkennh@ustream.tv,814-781-3717,Asarum
19,Caprice,Tomankiewicz,ctomankiewiczi@chicagotribune.com,546-790-8201,Bahía Honda
20,Tammy,Tompkin,ttompkinj@elegantthemes.com,928-669-9348,Badaogu
21,Bonnibelle,Gillio,bgilliok@tamu.edu,225-655-5278,Bolobo
22,Jean,Bartul,jbartull@yandex.ru,305-469-9080,Miami
23,Derrek,Maughan,dmaughanm@globo.com,503-312-8434,Il’ichëvo
24,Mirilla,Garbott,mgarbottn@cbsnews.com,140-597-0536,Şaqānis
25,Gilbertine,Joao,gjoaoo@facebook.com,661-885-6763,Montpellier
26,Stevy,MacKintosh,smackintoshp@yelp.com,330-878-8058,Akron
27,Florie,Loney,floneyq@xrea.com,982-991-4258,Göteborg
28,Tann,Foden,tfodenr@baidu.com,505-627-5471,Tvøroyri
29,Tuesday,Marcome,tmarcomes@cnbc.com,995-398-8967,Huaxian
30,Jerrie,Gow,jgowt@woothemes.com,674-547-1025,Rogachëvo
31,Galven,Iskow,giskowu@surveymonkey.com,908-991-1777,Castlebridge
32,Ezequiel,Lefwich,elefwichv@goodreads.com,794-701-1693,Kourou
33,Angel,Crudge,acrudgew@washington.edu,435-234-8509,Álvares Machado
34,Dolorita,Stroder,dstroderx@studiopress.com,100-879-6417,Muhoroni
35,Silas,Jaszczak,sjaszczaky@senate.gov,916-209-7426,Colquemarca
36,Isidoro,Valentinetti,ivalentinettiz@npr.org,503-571-6646,Porto Feliz
37,Kathleen,Comini,kcomini10@geocities.jp,862-987-3781,Phu Khiao
38,Randell,Luparto,rluparto11@soup.io,522-500-2724,David
39,Evan,Hiley,ehiley12@noaa.gov,208-834-5319,Chenyangzhai
40,Tracy,Goulter,tgoulter13@newyorker.com,400-959-2006,Maisons-Alfort
41,Berton,Mulqueen,bmulqueen14@vinaora.com,869-349-9551,General Alvear
42,Helenka,Lorraway,hlorraway15@cbsnews.com,889-223-0565,Ina
43,Blair,Gylle,bgylle16@free.fr,434-201-0946,Durham
44,Lynett,Tesauro,ltesauro17@businessinsider.com,590-965-6739,Jangdam
45,Hagen,Fawbert,hfawbert18@sun.com,388-788-8845,Gorzyce
46,Lebbie,Noddle,lnoddle19@cocolog-nifty.com,689-468-6741,Navan
47,Amil,Willatts,awillatts1a@simplemachines.org,792-429-6297,Itu
48,Mort,Lindman,mlindman1b@prweb.com,119-740-6093,Xianju
49,Emogene,Shilito,eshilito1c@comsenz.com,755-138-5712,Nianqiao
50,Guthry,Hatch,ghatch1d@amazon.co.jp,919-445-5922,Xinyuan
51,Alisander,Jakeman,ajakeman1e@nps.gov,233-559-7580,Rokem Barat
52,Les,Akram,lakram1f@ucoz.com,170-879-9156,Gränna
53,Orsola,Hallums,ohallums1g@goo.ne.jp,790-964-5737,Youkaichi
54,Jonis,Uttridge,juttridge1h@mapquest.com,711-961-5958,Lindome
55,Goldia,Sheridan,gsheridan1i@addtoany.com,421-487-7549,Karangori
56,Raine,Glen,rglen1j@youku.com,957-617-5505,Umm Sa‘īd
57,Glynis,Cornilli,gcornilli1k@paypal.com,607-412-7435,Fram
58,Morty,MacMichael,mmacmichael1l@amazon.co.jp,197-246-3016,Savran’
59,Oliviero,Lasseter,olasseter1m@sfgate.com,507-860-3122,Paprotnia
60,Brody,Filippozzi,bfilippozzi1n@simplemachines.org,878-824-3831,Pryamitsyno
61,Ashlee,Symcox,asymcox1o@about.me,977-620-1276,Jurovski Dol
62,Darryl,Eakley,deakley1p@miitbeian.gov.cn,915-245-9791,Easington
63,Marylin,Ploughwright,mploughwright1q@pbs.org,458-936-9835,Enzan
64,Sonny,Reynish,sreynish1r@vinaora.com,909-429-6052,Domont
65,Marybelle,Joselin,mjoselin1s@deviantart.com,533-430-1952,Profítis Ilías
66,Ruth,Chaves,rchaves1t@networkadvertising.org,879-102-0981,Kuvandyk
67,Delilah,Hodgins,dhodgins1u@hugedomains.com,359-870-7604,Płońsk
68,Christin,Dust,cdust1v@guardian.co.uk,513-682-3917,Bat Khela
69,Howey,Tipper,htipper1w@china.com.cn,883-128-7878,Tunzhai
70,Cherie,Smurfit,csmurfit1x@yellowpages.com,920-258-2805,Petrozavodsk
71,Hadley,Normanton,hnormanton1y@yale.edu,659-215-5336,Bopu
72,Cyrus,Atty,catty1z@bbb.org,880-213-7294,Kristianstad
73,Ignace,Snalum,isnalum20@constantcontact.com,746-594-8028,Resplendor
74,Bambie,Husset,bhusset21@squarespace.com,861-871-9516,Buga
75,Natale,Norrington,nnorrington22@dmoz.org,137-445-6689,Sapele
76,Davie,Toye,dtoye23@amazon.co.jp,897-907-4134,Raydah
77,Ferd,Scimoni,fscimoni24@rambler.ru,741-878-7794,Saint-Étienne-du-Rouvray
78,Katina,Tompkiss,ktompkiss25@weebly.com,198-329-5051,Date
79,Dyan,Evason,devason26@techcrunch.com,407-719-8447,Orlando
80,Melli,Broadey,mbroadey27@princeton.edu,723-326-5760,Yangcun
81,Rosamund,Merriday,rmerriday28@com.com,250-948-1800,Venda do Alcaide
82,Darbie,Coppeard,dcoppeard29@java.com,145-819-6179,Novouzensk
83,El,Arpin,earpin2a@google.com.br,230-175-0771,Berëzovskiy
84,Lindsay,Juckes,ljuckes2b@youtu.be,809-535-7962,Zafar
85,Carita,Solano,csolano2c@blogger.com,426-133-7830,Batagay-Alyta
86,Valene,Matousek,vmatousek2d@odnoklassniki.ru,625-787-7350,Ipoti
87,Meris,Borgne,mborgne2e@ed.gov,348-577-9522,Sal’sk
88,Eddie,Hammersley,ehammersley2f@xing.com,138-181-5039,Aqsū
89,Hildagard,Tohill,htohill2g@jiathis.com,351-244-6054,Prokuplje
90,Tedie,Rolfe,trolfe2h@ebay.com,364-355-6292,Xizhong
91,Kelvin,Dobbins,kdobbins2i@ox.ac.uk,706-817-2115,Hurghada
92,Laurianne,Andryushin,landryushin2j@devhub.com,360-557-6205,Mukařov
93,Adrea,Espy,aespy2k@answers.com,184-708-6450,Kermānshāh
94,Avie,Boone,aboone2l@dailymail.co.uk,853-484-5708,Santiago Puringla
95,Roddie,Lanchester,rlanchester2m@youtu.be,892-589-4959,Camachile
96,Dill,Murty,dmurty2n@arstechnica.com,821-768-5403,Aracruz
97,Thekla,Lemmanbie,tlemmanbie2o@chronoengine.com,986-600-4610,Qalyūb
98,Eolande,Creser,ecreser2p@meetup.com,858-262-3231,Weibin
99,Cynthea,Pollok,cpollok2q@multiply.com,155-357-2138,Ban Bueng
100,Stacey,Hansley,shansley2r@mlb.com,886-218-8086,Bajiao
101,Emmye,Clair,eclair2s@princeton.edu,914-570-9328,Pekalongan
102,Johnathon,Giacubbo,jgiacubbo2t@paginegialle.it,953-689-8686,Geumpang
103,Kevan,Callinan,kcallinan2u@hc360.com,209-921-6411,San Vicente
104,Rodie,Flude,rflude2v@epa.gov,709-451-9292,Noshiro
105,Damiano,Jerche,djerche2w@ucoz.com,334-260-1636,Souto
106,Coretta,Bettlestone,cbettlestone2x@mashable.com,505-630-5443,Neryungri
107,Gibby,Turfitt,gturfitt2y@flavors.me,205-207-1743,Nalinggou
108,Hanna,Tournay,htournay2z@msn.com,785-998-0522,Itabirito
109,Jeannine,Freckingham,jfreckingham30@ted.com,797-294-4117,Fenggao
110,Aeriell,Fassmann,afassmann31@over-blog.com,358-563-1433,Kulia Village
111,Savina,Tinkler,stinkler32@nba.com,358-526-6872,Prokop’yevsk
112,Fredrick,Powling,fpowling33@topsy.com,436-861-2391,Bungsuan
113,Howard,MacRirie,hmacririe34@taobao.com,162-214-0208,Xinqiaohe
114,Merl,Flint,mflint35@microsoft.com,570-851-0829,Bangilan
115,Demetre,Courson,dcourson36@zdnet.com,220-639-6430,Huangshi
116,Flor,Corzor,fcorzor37@miibeian.gov.cn,425-685-0162,Jaú
117,Kirbie,Jecock,kjecock38@nyu.edu,514-363-4601,Anju
118,Barr,Kubatsch,bkubatsch39@businesswire.com,922-710-8732,Limboto
119,Estelle,Roget,eroget3a@ovh.net,734-519-8639,Andongsari
120,Ive,Devonald,idevonald3b@privacy.gov.au,525-700-1359,Mao’er
121,Tammy,Burn,tburn3c@addthis.com,467-312-5315,Xam Nua
122,Johnathon,Dincey,jdincey3d@businesswire.com,704-620-8725,Göteborg
123,Ericha,Polin,epolin3e@businessweek.com,612-365-3440,Niepos
124,Audi,Pendell,apendell3f@vk.com,472-677-5005,São Mateus do Sul
125,Latisha,Smallcombe,lsmallcombe3g@sbwire.com,475-306-6036,Bacnotan
126,Aleda,Curless,acurless3h@huffingtonpost.com,145-189-3355,Banjar Pasekan
127,Ara,Pollington,apollington3i@ucoz.ru,388-506-4454,Cikaduen
128,Andeee,Rowesby,arowesby3j@wufoo.com,381-903-5385,Ngreco
129,Jack,Wotherspoon,jwotherspoon3k@china.com.cn,532-476-0958,Karangtengah
130,Basilio,Edeler,bedeler3l@php.net,145-948-3725,Vágia
131,Emery,Spink,espink3m@vinaora.com,916-176-7682,Hailang
132,Minnaminnie,Thurnham,mthurnham3n@yellowpages.com,720-129-3711,Simeykyne
133,Philis,Kenen,pkenen3o@facebook.com,490-456-6466,Catolé do Rocha
134,Drugi,Lithcow,dlithcow3p@mapy.cz,797-758-4591,Nandong
135,Orren,Ponder,oponder3q@ftc.gov,314-479-7445,Bastan
136,Zollie,Gawn,zgawn3r@constantcontact.com,602-695-5624,Tempe
137,Elden,Kemell,ekemell3s@unblog.fr,918-564-0455,Donim
138,Kali,McMullen,kmcmullen3t@imgur.com,576-914-8656,Bamut
139,Brendis,Lesek,blesek3u@ycombinator.com,267-841-8004,Józefów
140,Lucille,Delahunty,ldelahunty3v@ucsd.edu,253-611-2328,Fonte da Vaca
141,Lavina,McGeaney,lmcgeaney3w@zdnet.com,111-714-3704,Irati
142,Moshe,Ferrarello,mferrarello3x@freewebs.com,916-872-5355,Bielice
143,Harlin,Collett,hcollett3y@google.nl,772-479-0064,Ongi
144,Kingston,Morphet,kmorphet3z@psu.edu,490-716-8140,Gatak
145,Troy,Tracey,ttracey40@ezinearticles.com,714-672-8919,Tisco
146,Kris,Petrecz,kpetrecz41@japanpost.jp,423-415-2286,Ampahana
147,Lorant,Deex,ldeex42@fastcompany.com,965-843-3184,Itapevi
148,Edi,Scorer,escorer43@smh.com.au,693-740-1596,Sarpang
149,Iorgos,Crake,icrake44@ning.com,754-449-2600,Guangli
150,Mattheus,Leatt,mleatt45@github.io,449-782-6953,Drohiczyn
151,Rhianon,Danett,rdanett46@omniture.com,332-746-6539,Blagoveshchensk
152,Berta,Berfoot,bberfoot47@parallels.com,994-948-7029,Batad
153,Cliff,Tresler,ctresler48@examiner.com,407-506-7791,Gulod
154,Gaspard,Costard,gcostard49@xrea.com,707-416-9529,Pokrovskoye
155,Auria,Bagot,abagot4a@globo.com,470-220-9094,Sacanche
156,Winnah,De Ath,wdeath4b@examiner.com,108-381-0041,Xihuaiba
157,Ebeneser,Lemary,elemary4c@comcast.net,569-452-5824,Namur
158,Leanora,Daw,ldaw4d@lycos.com,648-337-2278,Ladhewāla Warāich
159,Jarrod,Carlone,jcarlone4e@java.com,983-640-4633,Karema
160,Netti,Durgan,ndurgan4f@ibm.com,574-823-5008,Siwa Oasis
161,Bel,Britten,bbritten4g@pcworld.com,915-970-1997,Jisegumen
162,Filip,Ganning,fganning4h@scientificamerican.com,893-725-8482,Junaynat Raslān
163,Abey,Pampling,apampling4i@samsung.com,798-355-4209,Jiaocun
164,Leola,Joyce,ljoyce4j@ezinearticles.com,592-181-3016,Constanza
165,Cal,Calverd,ccalverd4k@booking.com,484-662-6985,Xitianwei
166,Hallsy,MacParland,hmacparland4l@de.vu,974-783-7174,Langres
167,Glyn,De la croix,gdelacroix4m@tinypic.com,191-881-4958,Xinxu
168,Cahra,Summerhayes,csummerhayes4n@flavors.me,499-216-0586,Vale de São Cosme
169,Jeri,Raymen,jraymen4o@goo.gl,605-652-2027,Bandar-e Ganāveh
170,Livvy,Standrin,lstandrin4p@sbwire.com,152-538-6055,Guayabal de Síquima
171,Asia,Tatlowe,atatlowe4q@senate.gov,888-228-5448,Kerrobert
172,Marcello,Lovering,mlovering4r@com.com,815-232-8019,Joliet
173,Loleta,Bend,lbend4s@infoseek.co.jp,985-449-2053,Yên Mỹ
174,Kayley,Forestall,kforestall4t@usatoday.com,691-542-7989,Dori
175,Tonia,Byres,tbyres4u@zdnet.com,429-718-6580,Khirdalan
176,Rad,Founds,rfounds4v@friendfeed.com,829-879-0323,Ilioúpoli
177,Pearla,Habard,phabard4w@oakley.com,354-605-4828,Dzików Stary
178,Herbert,Le Marchand,hlemarchand4x@mail.ru,393-406-6991,Soroca
179,Heall,Raatz,hraatz4y@xrea.com,982-591-7462,Caldas das Taipas
180,Dolli,Goldsmith,dgoldsmith4z@vk.com,573-479-3508,Mandaluyong City
181,Eddie,Velten,evelten50@cornell.edu,889-898-2463,Cengjia
182,Fiann,Whitwood,fwhitwood51@toplist.cz,867-910-9609,Toulouse
183,Brennan,Conant,bconant52@goo.gl,767-557-0718,Zhifudao
184,Sheelah,Dinkin,sdinkin53@gmpg.org,922-700-8422,Zhongxin
185,Magda,Leipoldt,mleipoldt54@army.mil,958-216-3940,Nantes
186,Chad,Queyos,cqueyos55@google.it,208-684-4551,Ajuda
187,Elinore,Boobyer,eboobyer56@ftc.gov,706-567-7419,Palmira
188,Gasparo,Bales,gbales57@jiathis.com,703-799-3493,Shemonaīkha
189,Sher,Izkovici,sizkovici58@nbcnews.com,494-468-8273,Srbica
190,Rosita,Carlet,rcarlet59@time.com,933-340-4706,Yanagawa
191,Alex,Eisig,aeisig5a@newsvine.com,343-233-4893,Hondo
192,Morty,Ellor,mellor5b@slashdot.org,963-743-2693,Bejuco
193,Bourke,Normavill,bnormavill5c@desdev.cn,607-493-5826,Ferreñafe
194,Merci,Staton,mstaton5d@weebly.com,885-803-3299,Saint-Paul
195,Van,Sweatland,vsweatland5e@nytimes.com,432-965-9802,Thị Trấn Kim Tân
196,Aline,Pabel,apabel5f@cbsnews.com,407-888-3759,Hongjiazui
197,Phyllida,Grubb,pgrubb5g@twitter.com,988-858-7585,Prakhon Chai
198,Niles,Hevey,nhevey5h@imageshack.us,367-235-9269,Ancahuasi
199,Cristy,Snoddin,csnoddin5i@ihg.com,288-217-3201,Dongmafang
200,Katee,Solloway,ksolloway5j@uol.com.br,371-811-6767,Ţubarjal
201,Roze,Winwood,rwinwood5k@nymag.com,661-167-8649,Norsborg
202,Caspar,Ellwood,cellwood5l@posterous.com,771-606-0866,Mŭglizh
203,Damaris,Stenyng,dstenyng5m@pen.io,310-496-3024,Voskresensk
204,Corbie,Moniker,cmoniker5n@de.vu,638-606-0479,Aix-en-Provence
205,Bryna,Pleat,bpleat5o@hc360.com,945-745-8332,Kofelē
206,Hurley,Hutable,hhutable5p@unesco.org,930-929-5320,Cabra Figa
207,Gerhard,Munton,gmunton5q@reuters.com,650-928-8750,Kiruru
208,Curt,Collin,ccollin5r@tamu.edu,745-171-8963,Zhanxu
209,Andonis,Kilborn,akilborn5s@skype.com,989-347-2281,Fécamp
210,Cornelia,Pimlock,cpimlock5t@independent.co.uk,570-135-4084,Zhoupi
211,Sena,Zannetti,szannetti5u@thetimes.co.uk,252-718-0846,Napoli
212,Grethel,Van de Velde,gvandevelde5v@state.tx.us,717-156-8299,Kuangshan
213,Lorena,Feek,lfeek5w@opensource.org,497-455-9432,Jince
214,Stefania,Hunton,shunton5x@scientificamerican.com,873-144-9882,Carhuamayo
215,Peder,Twitchett,ptwitchett5y@furl.net,694-552-7941,Ciechocin
216,Kial,Novic,knovic5z@reddit.com,921-933-7517,Xicheng
217,Tomasine,Naulls,tnaulls60@ifeng.com,396-199-1261,Caoyan
218,Johann,Ackerman,jackerman61@hibu.com,861-371-5730,Caála
219,Karla,Mansel,kmansel62@miitbeian.gov.cn,585-719-5255,Kribi
220,Michel,Rikel,mrikel63@123-reg.co.uk,883-914-4483,Kirkop
221,Isabelita,Schuchmacher,ischuchmacher64@oracle.com,349-659-1084,Caburan
222,Obie,MacBain,omacbain65@trellian.com,295-519-9372,Embu Guaçu
223,Meggie,Thredder,mthredder66@sbwire.com,536-768-0206,Vokhaïkó
224,Gipsy,Skingley,gskingley67@bbc.co.uk,484-892-2576,Lizhai
225,Arleyne,Blencowe,ablencowe68@springer.com,131-161-8032,Bahāwalnagar
226,Devi,Arthurs,darthurs69@skype.com,900-339-3602,Łanięta
227,Bettina,Shearman,bshearman6a@ed.gov,333-669-6226,Ocumare de la Costa
228,Tam,Pfeffel,tpfeffel6b@about.me,172-158-8625,Arauco
229,Sarine,Fitter,sfitter6c@fc2.com,630-962-8372,Baghlān
230,Cinnamon,Woofendell,cwoofendell6d@feedburner.com,722-890-4697,Bukal Sur
231,Flossie,Carthew,fcarthew6e@t.co,511-630-1725,Stanari
232,Bevin,Upton,bupton6f@google.ru,558-547-2107,Charxin
233,Eldin,Mechem,emechem6g@hc360.com,192-222-8622,Qingguang
234,Melissa,Gall,mgall6h@slideshare.net,712-580-1748,Duisburg
235,Cole,Grestie,cgrestie6i@answers.com,352-343-3621,Bogor
236,Wait,Lashford,wlashford6j@who.int,874-842-1740,Lolodorf
237,Meggie,Feldbaum,mfeldbaum6k@vkontakte.ru,406-193-2332,Sterlitamak
238,Deanna,Rohlfing,drohlfing6l@biglobe.ne.jp,219-680-2697,Chikwawa
239,Conni,Dalston,cdalston6m@angelfire.com,386-258-0285,Jianling
240,Reagan,Petett,rpetett6n@jugem.jp,304-381-8085,Tangjin
241,Ambrosio,Buxam,abuxam6o@paginegialle.it,765-654-7139,Choropampa
242,Floris,Huggan,fhuggan6p@rediff.com,896-776-5998,Al Jarādīyah
243,Daryle,Passie,dpassie6q@noaa.gov,176-326-4142,Lovran
244,Stu,Cattach,scattach6r@ocn.ne.jp,893-500-1006,Ar Rawḑ
245,Rhodie,Riddel,rriddel6s@flavors.me,457-896-8388,Volnovakha
246,Karel,Studholme,kstudholme6t@networkadvertising.org,221-521-3954,Orange Farm
247,Carlin,Freyn,cfreyn6u@ucsd.edu,759-415-2602,Reshui
248,Carolyne,Wardesworth,cwardesworth6v@com.com,371-837-4231,Chipaque
249,Paolina,Bayne,pbayne6w@technorati.com,509-898-1784,Koga
250,Alano,Newell,anewell6x@psu.edu,525-119-3033,Gonghe
251,Tomasine,Wynett,twynett6y@prnewswire.com,154-239-6197,Longsheng
252,Bond,Sherston,bsherston6z@over-blog.com,782-736-9325,Alcaldedíaz
253,Fredrick,Potkin,fpotkin70@oaic.gov.au,758-334-5636,Valongo
254,Indira,Abelwhite,iabelwhite71@jugem.jp,737-133-6055,Stutterheim
255,Dina,Dunthorne,ddunthorne72@ning.com,615-952-5140,Messina
256,Kori,Rickasse,krickasse73@a8.net,563-528-7167,Sączów
257,Raeann,Leindecker,rleindecker74@csmonitor.com,380-980-3231,Sirnasari
258,Garwood,McCaskill,gmccaskill75@mac.com,791-628-2178,Meiyuan
259,Carver,Raulston,craulston76@joomla.org,881-786-9830,Quyangqiao
260,Florinda,Broster,fbroster77@surveymonkey.com,206-120-4554,Laborie
261,Natassia,Tregien,ntregien78@sitemeter.com,930-737-0919,Pando
262,Jodi,Blade,jblade79@nydailynews.com,273-426-4782,Damanhūr
263,Dolph,Twinborough,dtwinborough7a@imgur.com,116-321-2869,Pont Cassé
264,Stan,Gough,sgough7b@bing.com,374-665-5767,Tampekan
265,Hermy,Lionel,hlionel7c@angelfire.com,233-746-9981,Al Khawkhah
266,Paco,Scatchar,pscatchar7d@pbs.org,610-451-7627,Albert Town
267,Erie,Maund,emaund7e@dagondesign.com,628-214-2191,Milotice
268,Trude,Lasselle,tlasselle7f@surveymonkey.com,727-523-3345,Bologna
269,Viva,Jodrellec,vjodrellec7g@prlog.org,362-914-3143,Werasari
270,Marnie,Commins,mcommins7h@baidu.com,738-477-6314,San Andrés
271,Rozanna,Bugdall,rbugdall7i@amazon.co.uk,544-696-9283,Sóc Trăng
272,Granny,Tollerton,gtollerton7j@imdb.com,146-214-7153,Italó
273,Hiram,Gosse,hgosse7k@godaddy.com,555-620-2205,São Caetano do Sul
274,Doyle,Trott,dtrott7l@ask.com,682-485-6622,Phanom Phrai
275,Haskell,Kelledy,hkelledy7m@wikispaces.com,968-116-4120,Khe Tre
276,Emma,Dunniom,edunniom7n@time.com,360-814-2946,Lamongan
277,Harman,Tirkin,htirkin7o@cargocollective.com,814-277-9319,Shebekino
278,Gregoire,Doll,gdoll7p@usgs.gov,535-587-6297,Dąbie
279,Gabriellia,Masson,gmasson7q@google.com.hk,374-297-5157,Ödeshög
280,Alley,Lafont,alafont7r@4shared.com,192-307-7075,Zhenhai
281,Hollie,Brien,hbrien7s@epa.gov,801-906-8540,Babakankadu
282,Bliss,de Voiels,bdevoiels7t@patch.com,332-860-1595,Shiqiao
283,Ephrem,Sturges,esturges7u@uol.com.br,165-380-0580,Oslo
284,Tori,Sabine,tsabine7v@histats.com,892-188-7520,Lebyazh’ye
285,Trumaine,Lyburn,tlyburn7w@foxnews.com,505-856-4246,Muang Sam Sip
286,Gisela,Stubbins,gstubbins7x@ca.gov,921-250-1679,Putrajaya
287,Jaquenetta,Wadmore,jwadmore7y@noaa.gov,514-886-1876,Přibyslav
288,Loree,Crown,lcrown7z@csmonitor.com,222-721-5479,Cangkreng
289,Brunhilde,Van Der Vlies,bvandervlies80@theglobeandmail.com,853-900-8762,Kalmar
290,Rand,Pinkie,rpinkie81@wufoo.com,592-172-2145,Sladna
291,Dar,Redler,dredler82@newyorker.com,913-685-3786,Cajabamba
292,Paule,Chamney,pchamney83@reddit.com,123-692-2593,Lāchi
293,Gina,Thunders,gthunders84@ox.ac.uk,542-848-0264,Gijon
294,Nicoline,Danovich,ndanovich85@usatoday.com,224-517-3292,Solna
295,Giorgi,Tollfree,gtollfree86@sciencedirect.com,771-314-9420,Kuantan
296,Edvard,Whitland,ewhitland87@latimes.com,111-321-5884,Biao
297,Palmer,Zavattari,pzavattari88@cbc.ca,876-471-3530,Paris 12
298,Filip,Wendover,fwendover89@newsvine.com,876-529-6944,Xingfu
299,Bondie,Askell,baskell8a@skyrock.com,839-488-4342,Lucun
300,Silas,Wynrehame,swynrehame8b@blinklist.com,708-839-4535,Shalkar
301,Parke,Libby,plibby8c@mlb.com,833-681-9119,Pejukutan
302,Erich,Ruckert,eruckert8d@dion.ne.jp,166-889-6751,Napnapan
303,Clare,Perryman,cperryman8e@t.co,298-169-4769,Yafan
304,Franzen,Kropp,fkropp8f@hatena.ne.jp,779-872-8152,Efkarpía
305,Fonzie,Fantin,ffantin8g@fastcompany.com,871-343-3482,Władysławowo
306,Antin,Ivannikov,aivannikov8h@cmu.edu,883-925-8546,Kuanda
307,Anastasia,Canaan,acanaan8i@slashdot.org,853-237-0523,Las Vegas
308,Dasya,Brand,dbrand8j@google.ru,392-184-2928,Magallanes
309,Mariam,Martine,mmartine8k@a8.net,998-475-3723,La Cruz de Taratara
310,Denver,Goodship,dgoodship8l@squarespace.com,883-412-8537,Muesanaik
311,Craig,Delgaty,cdelgaty8m@arizona.edu,734-487-5817,Raoshi
312,Jamie,Petrelli,jpetrelli8n@nps.gov,531-420-3369,Az Zubaydāt
313,Bennie,Widger,bwidger8o@jigsy.com,119-518-6675,Shancheng
314,Kermie,Sander,ksander8p@php.net,607-198-8227,Nevers
315,Georas,Lecordier,glecordier8q@ebay.co.uk,187-915-6877,Languan
316,Gena,Barosch,gbarosch8r@opensource.org,220-188-0098,Yizhivtsi
317,Tedmund,Chadbourne,tchadbourne8s@vk.com,521-775-0394,Nagaracinta
318,Gretta,Silverman,gsilverman8t@wufoo.com,276-604-7681,Bahuang
319,Candida,Elderton,celderton8u@webnode.com,558-985-3537,Tieremu
320,Jerry,Jouen,jjouen8v@apple.com,625-152-5458,Hudai
321,Graeme,Baudesson,gbaudesson8w@chronoengine.com,201-912-6779,Mainit
322,Eleen,Dongall,edongall8x@ezinearticles.com,209-601-7191,Holoriang
323,Leonore,Rawlison,lrawlison8y@gnu.org,943-916-8204,President Roxas
324,Caitlin,Doerling,cdoerling8z@so-net.ne.jp,274-971-6433,Jiangguanchi
325,Ralph,McCrie,rmccrie90@acquirethisname.com,290-975-2265,Haz-Zebbug
326,Jarred,Worvill,jworvill91@prweb.com,745-887-1510,Tuchlovice
327,Kingston,Fost,kfost92@goo.ne.jp,789-913-4855,Xukou
328,Mandel,Danilenko,mdanilenko93@independent.co.uk,482-926-4820,Iwkowa
329,Tannie,Bundock,tbundock94@hibu.com,351-775-5442,São José
330,Riobard,Goodbarne,rgoodbarne95@answers.com,712-834-6160,Billdal
331,Aliza,Dangerfield,adangerfield96@omniture.com,278-621-7031,Qingguang
332,Allayne,Fennell,afennell97@dion.ne.jp,399-806-1273,Bershet’
333,Chery,Huet,chuet98@sun.com,539-772-1714,Qelëz
334,Casey,Ambroisin,cambroisin99@geocities.jp,653-438-2227,Thị Trấn Mường Khến
335,Betsey,Portman,bportman9a@businesswire.com,369-501-0801,Beauharnois
336,Harriott,Riggott,hriggott9b@cornell.edu,797-382-9598,Carenang Lor
337,Cortie,De Dantesie,cdedantesie9c@bloglovin.com,258-925-7964,Jakhaly
338,Bridgette,Croll,bcroll9d@umich.edu,958-152-6579,Kapakabisa
339,Mariska,Ibbitson,mibbitson9e@networkadvertising.org,747-184-2216,Gon’ba
340,Giralda,Van Rembrandt,gvanrembrandt9f@apache.org,550-436-1380,Żyrardów
341,Bernie,Heading,bheading9g@utexas.edu,663-643-1032,Shazhouba
342,Dell,Woodruff,dwoodruff9h@ask.com,827-895-8080,Senekal
343,Lelia,Gatcliff,lgatcliff9i@rambler.ru,391-144-5406,Yengimahalla
344,Magda,Fitzroy,mfitzroy9j@time.com,329-609-2837,Pyhäjoki
345,Gale,Southcoat,gsouthcoat9k@amazon.com,896-416-8226,Dimitrov
346,Karine,Buckberry,kbuckberry9l@rediff.com,673-916-4735,Hucheng
347,Darb,Garrioch,dgarrioch9m@hp.com,138-819-3704,Baro
348,Vance,Salan,vsalan9n@wikipedia.org,313-716-7586,Al Marsá
349,Emory,McMenamie,emcmenamie9o@fc2.com,820-838-8569,Szczecin
350,Gregoor,Hebdon,ghebdon9p@google.com.hk,800-693-8003,Lefkímmi
351,Barbra,Polye,bpolye9q@jalbum.net,992-264-4715,Masindi Port
352,Karina,Lafee,klafee9r@skype.com,605-862-0278,Guadalupe
353,Florence,Aubery,faubery9s@delicious.com,787-612-0827,Luján
354,Athene,Cozby,acozby9t@si.edu,337-443-4514,‘Uzeir
355,Laughton,Matignon,lmatignon9u@plala.or.jp,824-828-8925,Sandy Bay
356,Anabelle,Austin,aaustin9v@twitpic.com,431-792-4647,Linköping
357,Adolph,Caberas,acaberas9w@furl.net,646-465-2678,Solnechnyy
358,Sherman,Mahoney,smahoney9x@google.cn,525-908-5200,Lagunillas
359,Phaidra,Minichillo,pminichillo9y@friendfeed.com,261-967-8964,Wenjiao
360,Dorice,Goburn,dgoburn9z@studiopress.com,769-690-5235,Tegarenkrajan
361,Gabbey,Goad,ggoada0@independent.co.uk,562-507-2997,Puerto Bello
362,Karin,Morland,kmorlanda1@china.com.cn,195-484-1651,Dengteke
363,Demetre,Hayller,dhayllera2@statcounter.com,130-729-6181,Aracruz
364,Nathalia,Caslane,ncaslanea3@infoseek.co.jp,859-635-0966,Hobo
365,Lorrayne,Hazzard,lhazzarda4@usatoday.com,460-930-7896,Longwy
366,Lira,Dumbelton,ldumbeltona5@nba.com,478-684-8353,Biting
367,Lucina,Dinneges,ldinnegesa6@vk.com,740-692-2231,Paris 16
368,Piggy,Durak,pduraka7@ask.com,377-697-2024,Kuching
369,Edward,Janczewski,ejanczewskia8@ucsd.edu,229-597-4940,Hejiaping
370,Katalin,Jacquemet,kjacquemeta9@nymag.com,850-245-4869,Tallahassee
371,Feliks,Sheran,fsheranaa@ovh.net,442-841-6999,Ágios Stéfanos
372,Agustin,Fitzmaurice,afitzmauriceab@theguardian.com,209-114-3866,Usman’
373,Linn,Wisdish,lwisdishac@biblegateway.com,928-536-8472,Soledade
374,Persis,Thunnercliffe,pthunnercliffead@mlb.com,187-589-0481,Nangakeo
375,Roxie,Crafts,rcraftsae@state.tx.us,370-517-7572,San Pedro
376,Judd,Warmisham,jwarmishamaf@miibeian.gov.cn,183-563-3379,Aniva
377,Julie,Andersson,janderssonag@google.co.uk,291-377-7304,Jidong
378,Jeni,Thews,jthewsah@businessinsider.com,603-724-9476,Budapest
379,Levin,Jankovsky,ljankovskyai@discuz.net,434-379-6141,Almeria
380,Margit,Campsall,mcampsallaj@wikispaces.com,459-726-2939,Marčelji
381,Elva,Toffaloni,etoffaloniak@e-recht24.de,232-359-7909,Rubik
382,Lynnelle,Mapledoore,lmapledooreal@cpanel.net,248-360-1003,Cañete
383,Rourke,McGookin,rmcgookinam@disqus.com,144-411-0445,Taihe
384,Leonhard,Heustice,lheusticean@alibaba.com,165-136-7247,Xiaowuzhan
385,Bernetta,Worsnup,bworsnupao@webnode.com,189-518-1401,Jurak Lao’
386,Uta,Lobb,ulobbap@bbb.org,722-974-2053,Zhatay
387,Ethelbert,Yapp,eyappaq@is.gd,603-320-9007,Poxi
388,Greggory,Durtnel,gdurtnelar@ucoz.ru,490-957-2074,Raman
389,Saw,Gonnard,sgonnardas@google.com.br,201-756-4402,Bánica
390,Gery,Sapsford,gsapsfordat@icq.com,988-101-9957,Wutun
391,Georgeanne,Jecks,gjecksau@jiathis.com,661-318-8010,Yuktae-dong
392,Bartel,McIlmorow,bmcilmorowav@cdc.gov,138-980-0643,Dusit
393,Templeton,Ravenhill,travenhillaw@ning.com,187-481-9773,Cajamarca
394,Sascha,Mackley,smackleyax@bloomberg.com,444-617-1500,Zlatar
395,Keary,Farington,kfaringtonay@dot.gov,517-448-5440,Panghadangan
396,Wade,Winson,wwinsonaz@opensource.org,582-137-7820,Đắk Mâm
397,Obidiah,Fourman,ofourmanb0@mozilla.org,902-820-4214,Zhouxi
398,Randolph,Molder,rmolderb1@cisco.com,101-651-9809,Buenavista
399,Jonie,Wardingly,jwardinglyb2@google.de,504-290-7832,Halayhayin
400,Jarrod,Rubinov,jrubinovb3@cmu.edu,431-388-0744,Alpatovo
401,Felita,Lawn,flawnb4@gizmodo.com,644-601-9758,Woodstock
402,Delilah,Vigietti,dvigiettib5@bigcartel.com,424-116-6237,Sobeok
403,Miguel,Romayne,mromayneb6@odnoklassniki.ru,299-763-5411,Satis
404,Everett,Sheppey,esheppeyb7@shutterfly.com,841-746-3817,Fedorovka
405,Padraig,Drewitt,pdrewittb8@chicagotribune.com,166-962-2419,Huambo
406,Guinna,Rawkesby,grawkesbyb9@cdc.gov,963-648-7234,Napuro
407,Karlee,Faragan,kfaraganba@fotki.com,715-331-5408,Yu’erhong
408,Rudy,Furmagier,rfurmagierbb@nps.gov,527-476-7288,Hägersten
409,Cristy,Osbidston,cosbidstonbc@techcrunch.com,441-185-1425,Langnga
410,Dalston,O'Regan,doreganbd@theguardian.com,860-358-2039,Nanhe
411,Pavel,Wisker,pwiskerbe@patch.com,844-629-5111,Karangpete
412,Abner,Scargill,ascargillbf@vk.com,915-961-7996,El Paso
413,Nicoli,Sawl,nsawlbg@phoca.cz,575-826-1620,Presidente Bernardes
414,Bendick,Askey,baskeybh@nydailynews.com,299-121-3050,Lysekil
415,Cristen,McCobb,cmccobbbi@cloudflare.com,762-731-9843,Letlhakeng
416,Alie,Ramsdell,aramsdellbj@myspace.com,203-768-6771,Hollola
417,Hillery,Sollom,hsollombk@geocities.jp,282-590-1357,Wangmeng
418,Finn,Barck,fbarckbl@blogtalkradio.com,533-287-9991,Shangtianba
419,Kathrine,Sporle,ksporlebm@nydailynews.com,250-113-4433,Juexi
420,Torrance,Gredden,tgreddenbn@google.ru,535-370-1392,Valday
421,Lisha,Larn,llarnbo@jalbum.net,932-600-3090,Aviles
422,Agnes,Hillburn,ahillburnbp@vistaprint.com,840-780-8312,Yuhuangding
423,Sammy,Duckett,sduckettbq@ca.gov,889-258-1361,Jaú
424,Maxy,Swetenham,mswetenhambr@fastcompany.com,627-605-5961,Arevashogh
425,Shamus,Vassar,svassarbs@wix.com,167-569-1251,Port Nolloth
426,Vincenz,Hugill,vhugillbt@epa.gov,484-291-2554,Chonghe
427,Andres,MacKinnon,amackinnonbu@nature.com,739-650-6103,Xintaimen
428,Rozelle,Edelston,redelstonbv@whitehouse.gov,301-841-2829,Enriquillo
429,Amelie,Prettyjohn,aprettyjohnbw@thetimes.co.uk,578-330-1183,Münster
430,Dina,Pember,dpemberbx@odnoklassniki.ru,848-971-4236,Independencia
431,Enid,Capron,ecapronby@about.com,687-356-0933,Talacogon
432,Elayne,Padilla,epadillabz@nationalgeographic.com,667-268-5110,Vnorovy
433,Ilsa,Salvin,isalvinc0@time.com,473-582-8180,Madrid
434,Livy,Foltin,lfoltinc1@scribd.com,257-627-0949,Shen’ao
435,Pincas,Jemison,pjemisonc2@house.gov,920-607-1193,Nar'yan-Mar
436,Erik,Giottini,egiottinic3@umich.edu,435-947-6206,Altıağac
437,Antonina,Swanbourne,aswanbournec4@squidoo.com,155-541-3924,Carhuamayo
438,Howard,Feldmann,hfeldmannc5@nsw.gov.au,243-882-4850,Boguszów-Gorce
439,Garv,Cardo,gcardoc6@ibm.com,605-809-8471,Ogod
440,Dollie,Martellini,dmartellinic7@mayoclinic.com,317-992-3546,Haylaastay
441,Freida,Josum,fjosumc8@ustream.tv,500-735-1059,Kostanay
442,Dalton,Ilyushkin,dilyushkinc9@webnode.com,163-511-2693,Langtad
443,Iosep,Bloy,ibloyca@163.com,595-688-3539,Were Īlu
444,Michaela,Petrello,mpetrellocb@vistaprint.com,967-300-0105,Lebao
445,Paquito,Marsy,pmarsycc@vkontakte.ru,819-759-2961,Iida
446,Elnora,Heams,eheamscd@nps.gov,791-537-3512,Nkwerre
447,Carmina,Relf,crelfce@slate.com,726-532-0715,Kirzhach
448,Camile,Jochens,cjochenscf@weather.com,268-487-1652,Yongheshi
449,Dewie,Loach,dloachcg@weibo.com,865-622-3718,Krasnaya Gorka
450,Torin,Dickerson,tdickersonch@phoca.cz,752-917-5200,Ajman
451,Arlin,Chilvers,achilversci@cyberchimps.com,682-786-0141,Sali
452,Norris,Mawditt,nmawdittcj@ucsd.edu,797-370-9267,Perrelos
453,Dulcine,Coveley,dcoveleyck@rambler.ru,298-116-2563,Norrtälje
454,Sherlock,Sheals,sshealscl@google.com.br,301-903-4478,Kalian
455,Jaquelyn,Arnaudet,jarnaudetcm@diigo.com,699-123-5953,Lazaro Cardenas
456,Adorne,Skamell,askamellcn@youtu.be,707-170-6885,Stírion
457,Dori,Whyborne,dwhyborneco@studiopress.com,412-993-5266,Dagupan
458,Aguie,Pancast,apancastcp@aboutads.info,191-665-5286,Derzhavīnsk
459,Dominique,Erdely,derdelycq@people.com.cn,558-392-4071,Pancan
460,Dal,Esilmon,desilmoncr@topsy.com,968-560-6549,Yajiang
461,Tersina,Horley,thorleycs@wired.com,213-962-0189,Fort McMurray
462,Leda,Dew,ldewct@dyndns.org,670-891-1688,Sierra Imataca
463,Jojo,Kent,jkentcu@spiegel.de,883-690-1322,Pniewy
464,Kalil,Danelutti,kdanelutticv@mozilla.org,733-444-5285,Punta Alta
465,Brnaba,Streat,bstreatcw@google.fr,165-652-2501,Pithári
466,Kath,Stonbridge,kstonbridgecx@tumblr.com,961-128-0226,Unden
467,Graham,Smallridge,gsmallridgecy@cbc.ca,980-463-1958,Wirral
468,Manya,Congdon,mcongdoncz@exblog.jp,487-301-7805,Doljo
469,Roderich,Suero,rsuerod0@uol.com.br,319-935-5664,Talitsa
470,Karolina,Blackborne,kblackborned1@wired.com,300-289-4505,Al Muwayh
471,Griffith,Lorroway,glorrowayd2@sogou.com,711-412-5760,Chilecito
472,Felipe,Perrygo,fperrygod3@slate.com,697-648-5762,Jadowniki Mokre
473,Michell,Caudwell,mcaudwelld4@spotify.com,703-916-1624,Mubi
474,Catlee,Yushmanov,cyushmanovd5@prnewswire.com,955-809-9639,Manila
475,Lin,Meiklam,lmeiklamd6@apache.org,820-939-6742,Všeruby
476,Ariana,Leither,aleitherd7@jalbum.net,117-552-5595,La Escondida
477,Mimi,Flacke,mflacked8@biglobe.ne.jp,725-859-4227,Dabat
478,Gherardo,Goulden,ggouldend9@digg.com,146-188-4328,Muleng
479,Dorthy,Scini,dscinida@weather.com,249-745-2735,Karma
480,Nancee,Bambrick,nbambrickdb@cam.ac.uk,188-424-1251,Linköping
481,Milly,Burbudge,mburbudgedc@walmart.com,365-576-2474,Zghartā
482,Tremain,Priest,tpriestdd@last.fm,293-367-2368,Bombarral
483,Zondra,Wordley,zwordleyde@pagesperso-orange.fr,501-219-3552,Tournon-sur-Rhône
484,York,Edworthye,yedworthyedf@linkedin.com,469-274-4028,Longtanping
485,Enrica,Skarr,eskarrdg@sphinn.com,189-652-9323,Täby
486,Grazia,Stearndale,gstearndaledh@discovery.com,723-987-8388,Lab
487,Jerrine,Brinicombe,jbrinicombedi@yellowbook.com,303-188-7308,Saint-Quentin
488,Laureen,Trahear,ltraheardj@loc.gov,307-153-6387,Allen
489,Babs,Dismore,bdismoredk@google.com.br,891-259-7697,Sumberagung
490,Bethany,Mustin,bmustindl@cnbc.com,356-744-7632,Shilong
491,Sharona,Blease,sbleasedm@npr.org,828-397-2756,Kadugede
492,Spencer,Debling,sdeblingdn@sciencedirect.com,558-843-9034,Chom Bueng
493,Stanly,Bircher,sbircherdo@networksolutions.com,453-389-4552,Santo Amaro
494,Shirleen,Lincke,slinckedp@clickbank.net,241-158-6794,Krivyanskaya
495,Galen,Dearman,gdearmandq@smh.com.au,745-621-8081,Nancy
496,Nona,Dockray,ndockraydr@mayoclinic.com,355-615-1271,Levallois-Perret
497,Petey,Hakonsson,phakonssonds@goodreads.com,683-246-6937,Itápolis
498,Darrel,Eyden,deydendt@hud.gov,230-202-8593,Xiaojinkou
499,Kacy,Bloxholm,kbloxholmdu@ucoz.ru,180-643-6239,Shaozhai
500,Elwyn,Pursey,epurseydv@lycos.com,271-764-7548,Diofior
501,Hestia,Burgess,hburgessdw@prweb.com,950-927-7316,Noyemberyan
502,Adler,Munton,amuntondx@canalblog.com,956-958-2023,Ipu
503,Tommy,Bonder,tbonderdy@tripadvisor.com,289-777-4536,Bankeryd
504,Prentiss,Karolyi,pkarolyidz@woothemes.com,932-546-0507,Sernovodsk
505,Garvey,Sipson,gsipsone0@vinaora.com,759-805-9606,Figueira dos Cavaleiros
506,Kimberly,Abbots,kabbotse1@yahoo.com,575-162-7082,Smidary
507,Manda,De Michetti,mdemichettie2@illinois.edu,261-610-6972,Gómfoi
508,Rosabella,Hartfield,rhartfielde3@wisc.edu,559-677-1672,Fresno
509,Josi,Kauschke,jkauschkee4@canalblog.com,806-519-1007,Subusub
510,Traver,Heath,theathe5@washingtonpost.com,125-257-6236,Drakhtik
511,Fran,Newnham,fnewnhame6@parallels.com,242-651-3632,Staraya Mayna
512,Art,McKeaveney,amckeaveneye7@usda.gov,413-799-0809,Ledenice
513,Merl,Romayne,mromaynee8@barnesandnoble.com,278-392-7497,Zhangdan
514,Elise,Keatley,ekeatleye9@creativecommons.org,144-381-4765,Loučeň
515,Ettore,Rubinivitz,erubinivitzea@about.me,892-323-4710,Jing’an
516,Myranda,Dighton,mdightoneb@apple.com,869-983-4471,Couva
517,Jacquette,Dondon,jdondonec@state.tx.us,118-101-2839,San Marcos
518,Benyamin,Dmiterko,bdmiterkoed@va.gov,178-779-2790,Yangzi
519,Lark,Steventon,lsteventonee@google.cn,670-520-1858,Wates
520,Ritchie,Paniman,rpanimanef@microsoft.com,956-317-0426,Bang Racham
521,Hubie,Christy,hchristyeg@upenn.edu,531-491-8395,Santo Niño
522,Joseito,Twigg,jtwiggeh@apache.org,680-162-2644,Krasnogorskiy
523,Arley,Berkeley,aberkeleyei@dell.com,145-787-5780,Utajärvi
524,Lizette,Eneas,leneasej@newsvine.com,250-205-0004,Mahates
525,Meredith,Slora,msloraek@cisco.com,801-871-4892,Gourcy
526,Christyna,Cann,ccannel@altervista.org,352-792-1572,Ayna
527,Dulsea,McMurty,dmcmurtyem@surveymonkey.com,445-535-1869,Paulínia
528,Jerry,Willeman,jwillemanen@theatlantic.com,767-492-3483,Zhaojia
529,Benny,Paviour,bpavioureo@scientificamerican.com,504-558-2555,Ponta Grossa
530,Herc,Paskin,hpaskinep@bing.com,564-927-5735,Pniv
531,Sylvia,Brosetti,sbrosettieq@facebook.com,512-350-3227,Gedian
532,Felipa,Coppins,fcoppinser@clickbank.net,105-199-7020,Vermil
533,Boycey,Waddie,bwaddiees@bigcartel.com,368-296-3206,Maoping
534,Woodrow,Humble,whumbleet@barnesandnoble.com,463-599-9559,Mujiangping
535,Clementina,Buse,cbuseeu@mapy.cz,618-609-0479,Lào Cai
536,Guenna,St. Quentin,gstquentinev@ebay.co.uk,961-749-1726,Badulla
537,Gloriane,Jorgesen,gjorgesenew@ucla.edu,849-842-2518,Esmeraldas
538,Andie,Borthwick,aborthwickex@reference.com,176-368-2457,Yuyangguan
539,Philly,Vasilik,pvasilikey@altervista.org,752-304-5995,Rungis
540,Cherice,Plaide,cplaideez@tinyurl.com,309-226-8353,Ampasimanolotra
541,Nissa,Densumbe,ndensumbef0@myspace.com,668-464-2634,Nancheng
542,Waiter,Woodier,wwoodierf1@reference.com,736-218-9419,Bukovec
543,Ursulina,Meekings,umeekingsf2@yolasite.com,665-290-2804,Almafuerte
544,Boycie,Shorrock,bshorrockf3@shutterfly.com,139-133-7930,Dobrovo
545,Sigvard,Ganny,sgannyf4@telegraph.co.uk,261-697-3120,Hilversum
546,Shane,Wincom,swincomf5@wp.com,319-827-0002,Wan Yai
547,Kenon,Yukhnini,kyukhninif6@g.co,140-367-3922,Magay
548,Sarita,De Pero,sdeperof7@wired.com,786-816-6170,Šventoji
549,Jacquelyn,Piddlesden,jpiddlesdenf8@i2i.jp,213-200-0610,Gorskaya
550,Damaris,Harsnep,dharsnepf9@mapquest.com,149-577-9384,Morant Bay
551,Buckie,Peller,bpellerfa@ebay.co.uk,833-157-2663,Mozhga
552,Donalt,Oakley,doakleyfb@odnoklassniki.ru,170-333-0894,Zhulin
553,Valentino,Bucky,vbuckyfc@opera.com,292-407-9619,Xianshuigu
554,Mathias,Buret,mburetfd@de.vu,524-257-4407,Néa Kíos
555,Matteo,Lowseley,mlowseleyfe@surveymonkey.com,470-329-7584,Kaliasin
556,Lilian,Gilogly,lgiloglyff@so-net.ne.jp,110-598-2616,Kafr Thulth
557,Klement,Sparrowe,ksparrowefg@sfgate.com,934-238-8956,Esperalvillo
558,Marlo,Erwin,merwinfh@wp.com,592-560-9247,Saddina
559,Ashleigh,Tedstone,atedstonefi@shutterfly.com,829-325-7306,Nioki
560,Helen,Grishakov,hgrishakovfj@paginegialle.it,977-108-9334,Lewolang
561,Yvor,Broster,ybrosterfk@illinois.edu,281-541-0493,Brotas
562,Solomon,Fosher,sfosherfl@wikimedia.org,439-982-4744,Kajuru
563,Monika,Cowx,mcowxfm@liveinternet.ru,977-102-0270,Ostrogozhsk
564,Lucille,McShee,lmcsheefn@qq.com,156-727-7256,Xincheng Chengguanzhen
565,Adria,Kivelle,akivellefo@seesaa.net,503-777-0808,Umeå
566,Nancy,Crenage,ncrenagefp@auda.org.au,325-864-5931,Yipeng
567,Cornall,Gallahue,cgallahuefq@abc.net.au,892-243-7834,Stěbořice
568,Boigie,Asher,basherfr@opensource.org,486-313-8369,Błędów
569,Claire,Kubicka,ckubickafs@wikipedia.org,248-614-4551,Chelu
570,Charlotte,Hunton,chuntonft@gov.uk,468-126-4407,Dangjiaxian
571,Luciana,Morsom,lmorsomfu@github.io,193-323-1689,Pallisa
572,Marten,Huortic,mhuorticfv@nih.gov,419-614-4798,Sande Vila Nova
573,Hamlin,Frusher,hfrusherfw@oaic.gov.au,511-210-7665,Yihe
574,Jeana,Marsters,jmarstersfx@ocn.ne.jp,510-629-1770,Zhuxi
575,Allen,Eaden,aeadenfy@buzzfeed.com,793-822-0508,Milano
576,Conni,Belhome,cbelhomefz@google.fr,620-939-1057,Magong
577,Crichton,Loughrey,cloughreyg0@ehow.com,956-354-6064,Doumen
578,Norean,Warden,nwardeng1@blogger.com,873-570-6036,Koungou
579,Catarina,Rawll,crawllg2@google.fr,736-960-9476,Morelos
580,Matelda,Braga,mbragag3@elpais.com,838-901-6104,Huazhu
581,Nevin,Warman,nwarmang4@mac.com,983-291-0482,Limón
582,Krystalle,Lumsden,klumsdeng5@walmart.com,451-674-6716,Kunsan
583,Martin,Cowlin,mcowling6@census.gov,511-731-1913,Adámas
584,Georgie,Boorman,gboormang7@barnesandnoble.com,971-516-7549,Kawit
585,Hayward,Ondricek,hondricekg8@fda.gov,120-225-3076,Kalisari
586,Zebulon,Reisen,zreiseng9@vkontakte.ru,109-807-7246,Muikamachi
587,Kiley,Kraft,kkraftga@issuu.com,375-393-9965,Ludvika
588,Abigale,Blune,ablunegb@mapquest.com,784-583-9388,Jesús María
589,Breanne,Driver,bdrivergc@so-net.ne.jp,371-925-2238,Zhangfeng
590,Aylmer,Pittet,apittetgd@goo.gl,668-653-1771,Furong
591,Kennedy,Glavis,kglavisge@cbslocal.com,230-274-0058,Ostrožac
592,Perla,Rodenborch,prodenborchgf@zimbio.com,176-239-0472,Riangblolong
593,Piggy,Shapero,pshaperogg@fema.gov,862-664-3326,Sibulan
594,Sasha,Korejs,skorejsgh@berkeley.edu,884-315-2704,Qaffīn
595,Melisenda,Wegener,mwegenergi@nymag.com,102-734-6495,Al Hadā
596,Griffith,Brogioni,gbrogionigj@cnet.com,688-178-4987,Karviná
597,Carr,Duley,cduleygk@pcworld.com,585-695-0106,Ferme-Neuve
598,Fanya,Bains,fbainsgl@vkontakte.ru,315-594-5842,Fuyu
599,Adorne,Messer,amessergm@apple.com,827-833-3322,Mīrpur Māthelo
600,Rogerio,O'Cassidy,rocassidygn@webnode.com,202-757-9967,San Kamphaeng
601,Rosabelle,Chicchelli,rchicchelligo@comsenz.com,765-723-8244,Velyki Sorochyntsi
602,Guinna,Elvish,gelvishgp@ovh.net,577-666-5632,Novopskov
603,Maximo,Grinikhin,mgrinikhingq@twitpic.com,874-309-4779,Watsa
604,Quentin,Gooly,qgoolygr@walmart.com,499-113-7291,Buritizeiro
605,Fax,Vanyushin,fvanyushings@ted.com,219-924-2774,Gisiliba
606,Brannon,Blanchette,bblanchettegt@tumblr.com,350-135-2323,Khun Han
607,Ciel,Pash,cpashgu@nps.gov,304-543-7643,Albufeira
608,Cherilynn,Gippes,cgippesgv@yahoo.com,656-640-9349,Leipzig
609,Allis,Hearnah,ahearnahgw@theatlantic.com,745-697-4087,Shangping
610,Abran,Duffie,aduffiegx@imageshack.us,974-383-2890,Porto de Mós
611,Rahal,Houson,rhousongy@google.com.hk,920-637-0695,Tal’ne
612,Dexter,Woliter,dwolitergz@bloomberg.com,854-289-3781,Bwizibwera
613,Amanda,Kensett,akensetth0@paginegialle.it,366-847-6608,Sunne
614,Sallie,Di Ruggero,sdiruggeroh1@techcrunch.com,302-797-5358,Šentrupert
615,Brande,Fairchild,bfairchildh2@a8.net,335-542-7245,Kiruna
616,Kenny,Tims,ktimsh3@drupal.org,127-995-8302,Wonosari
617,Sigvard,Bateup,sbateuph4@ox.ac.uk,369-757-7571,Lyambir’
618,Konstantin,Flicker,kflickerh5@blogs.com,138-884-7545,Dongning
619,Edin,Gascoigne,egascoigneh6@unicef.org,648-194-9865,Santa Elena de Uairén
620,Aluino,Cholonin,acholoninh7@cdbaby.com,805-187-3856,Saratamata
621,Devinne,Beverage,dbeverageh8@go.com,172-156-4368,Stapleford
622,Temp,Huckin,thuckinh9@ameblo.jp,854-688-5421,Arada
623,Salvador,Ygo,sygoha@bloglines.com,121-419-9578,Chotepe
624,Charin,Spencer,cspencerhb@mac.com,533-269-3954,Akune
625,Jonas,Aaron,jaaronhc@moonfruit.com,551-571-8901,Tavricheskoye
626,Rod,Tresise,rtresisehd@ask.com,319-113-8649,San Miguel
627,Cleavland,Conklin,cconklinhe@ox.ac.uk,606-303-8158,Madalena do Mar
628,Bunni,Leere,bleerehf@google.com,462-475-1324,Malaya Purga
629,Sammy,McCrostie,smccrostiehg@answers.com,389-372-8904,Gaptsakh
630,Berti,Paice,bpaicehh@archive.org,562-284-8148,Rocky Mountain House
631,Antone,Halloway,ahallowayhi@aboutads.info,188-877-1024,San Marcos
632,Hanson,Sibson,hsibsonhj@list-manage.com,855-621-0815,Privolzhsk
633,Fitz,Draayer,fdraayerhk@cpanel.net,483-887-4545,Dongjia
634,Brion,Pitt,bpitthl@ted.com,223-366-7005,Pregradnoye
635,Sheridan,Feldberg,sfeldberghm@mtv.com,264-258-4609,Gafsa
636,Chantalle,Giotto,cgiottohn@cpanel.net,106-785-3977,Tungdor
637,Randi,Wiggington,rwiggingtonho@odnoklassniki.ru,150-151-7123,Lishui
638,Sergei,Cahan,scahanhp@mtv.com,257-908-0619,Koksovyy
639,Bobbette,Jarvie,bjarviehq@ebay.co.uk,768-526-6689,Krokeaí
640,Guillema,Ludwikiewicz,gludwikiewiczhr@xrea.com,396-863-4777,Chirongui
641,Jaye,Doblin,jdoblinhs@kickstarter.com,476-972-3721,Jīma
642,Sybilla,McMorran,smcmorranht@icio.us,527-438-5065,Fenglai
643,Cami,Ghelarducci,cghelarduccihu@nature.com,385-496-3804,Montluel
644,Hashim,Klemke,hklemkehv@ucla.edu,878-917-6021,Noyelles-sous-Lens
645,Stern,Pluck,spluckhw@jimdo.com,123-288-5182,Reda
646,Mercedes,Postlewhite,mpostlewhitehx@spotify.com,173-391-9641,Mniszków
647,Petronille,Klagges,pklaggeshy@sitemeter.com,996-586-0147,Dalmeny
648,Andra,Penson,apensonhz@java.com,643-182-8729,Dębów
649,Sile,Ninnis,sninnisi0@princeton.edu,694-705-2732,Aveleda
650,Kissiah,Debill,kdebilli1@networkadvertising.org,290-514-7010,Ghormach
651,Cherie,Todd,ctoddi2@alibaba.com,838-909-9863,Touama
652,Ingamar,Hanna,ihannai3@businesswire.com,727-500-1321,Mujur Satu
653,Clementia,McAllaster,cmcallasteri4@deviantart.com,144-605-4942,Volnovakha
654,Brianne,Rayer,brayeri5@about.com,208-319-3122,Kyaikto
655,Nikolaus,Borrie,nborriei6@soundcloud.com,296-844-1958,Yuncheng
656,Angy,MacElharge,amacelhargei7@godaddy.com,765-983-7812,Huangnaihai
657,Kelsey,Haly,khalyi8@yahoo.co.jp,375-755-4480,Daming
658,Berni,Zouch,bzouchi9@dion.ne.jp,310-294-5408,Guadalupe Victoria
659,Verge,Hamor,vhamoria@utexas.edu,472-707-8035,Askaniya Nova
660,Juliane,Hartmann,jhartmannib@dell.com,920-866-5633,Tamberías
661,Whitney,Raulin,wraulinic@shareasale.com,735-292-5435,Marneuli
662,Terence,Rawdall,trawdallid@ox.ac.uk,925-586-5499,Pujijie
663,Joanna,Ellam,jellamie@prweb.com,683-233-1119,Inírida
664,Ronny,Eastwell,reastwellif@twitter.com,135-940-4965,Kemiri Daya
665,Nertie,Meugens,nmeugensig@alibaba.com,163-497-7819,Uritsk
666,Gertrud,Strognell,gstrognellih@furl.net,495-790-7091,Marāveh Tappeh
667,Vergil,Colmore,vcolmoreii@who.int,494-681-9773,Luzhuangzi
668,Antonina,Markova,amarkovaij@nydailynews.com,751-164-4475,Trebisht-Muçinë
669,Farah,Baldree,fbaldreeik@sitemeter.com,317-333-0517,Smolenskoye
670,Leeland,Mantione,lmantioneil@twitpic.com,602-727-2569,Avellaneda
671,Rawley,Brambill,rbrambillim@bloglovin.com,178-701-1366,Salas
672,Bruis,Rahl,brahlin@ocn.ne.jp,457-107-9747,Jiangshi
673,Luther,Viegas,lviegasio@virginia.edu,323-504-8778,Niamey
674,Brooks,Harcase,bharcaseip@cbslocal.com,880-445-1591,Dongfeng
675,Lettie,Gaskarth,lgaskarthiq@stanford.edu,895-639-3531,Rejasa Kaja
676,Roddie,MacCaughen,rmaccaughenir@soup.io,860-783-5403,Tanbu
677,Garey,Sussams,gsussamsis@dell.com,745-750-0011,Studénka
678,Geri,Malyon,gmalyonit@newyorker.com,919-377-6157,Jistebník
679,Ema,Mattersley,emattersleyiu@reference.com,255-807-4387,Bhamo
680,Webster,Smead,wsmeadiv@google.fr,147-280-0164,Yulin
681,Slade,Gaiter,sgaiteriw@phoca.cz,660-733-1110,Amieira do Tejo
682,Patrice,Ingleson,pinglesonix@tumblr.com,309-473-1227,Vaggeryd
683,Innis,Malham,imalhamiy@wired.com,969-783-7043,Lófos
684,Jeremy,Huws,jhuwsiz@example.com,968-667-1648,Svenljunga
685,Elbert,Eagle,eeaglej0@yellowpages.com,256-501-8886,El Corozal
686,Cari,Cathro,ccathroj1@cdbaby.com,879-644-5005,Ronggui
687,Elysee,Murrhardt,emurrhardtj2@yellowpages.com,322-243-2752,Tabor
688,Devlen,Leakner,dleaknerj3@g.co,463-815-6130,Gubat
689,Cathleen,Angliss,canglissj4@nasa.gov,516-123-7139,Tingqian
690,Monica,Muggleston,mmugglestonj5@eepurl.com,660-954-0355,Huzhuang
691,Simon,Taberer,stabererj6@dedecms.com,280-664-5192,Pau
692,Helge,Fleischer,hfleischerj7@census.gov,750-179-5633,Balin
693,Adrian,Hamblington,ahamblingtonj8@dailymail.co.uk,723-901-2986,Kemang
694,Abbe,Campes,acampesj9@tinyurl.com,191-900-6912,Sŭngho 1-tong
695,Suzette,Filyushkin,sfilyushkinja@trellian.com,582-483-7122,Béziers
696,Adelaida,Rozec,arozecjb@51.la,859-269-4269,Černožice
697,Stillman,Benedict,sbenedictjc@linkedin.com,512-314-7905,Tržič
698,Elisha,Issacoff,eissacoffjd@wix.com,901-833-4731,San Celestio
699,Adena,Chancelier,achancelierje@tripadvisor.com,807-160-5336,Ocampo
700,Rudyard,Hubbins,rhubbinsjf@artisteer.com,548-124-6889,Santo Niño
701,Electra,Whatmough,ewhatmoughjg@drupal.org,511-725-1739,Maurole
702,Buffy,Isselee,bisseleejh@slideshare.net,325-557-8011,Nowa Sarzyna
703,Kare,Worsam,kworsamji@php.net,993-705-2325,Yueyang
704,Vasily,Fero,vferojj@paypal.com,122-694-6962,Inuyama
705,Whitney,Hayler,whaylerjk@ihg.com,349-815-5860,Santa María Ixhuatán
706,Edsel,Collip,ecollipjl@bloglines.com,394-162-3341,Cangshi
707,Ilysa,de Clercq,ideclercqjm@woothemes.com,594-608-3976,Pyhäranta
708,Rey,Hurlestone,rhurlestonejn@apache.org,665-482-5152,Shangtang
709,Giacopo,Haps,ghapsjo@weibo.com,569-313-0273,Mirador
710,Sharla,Geach,sgeachjp@npr.org,124-689-6278,Capalonga
711,Shantee,Dowry,sdowryjq@noaa.gov,333-148-5632,Cinangka
712,Freeman,Pitceathly,fpitceathlyjr@unesco.org,482-931-4621,Keyinhe
713,Ricky,Croan,rcroanjs@a8.net,926-875-6039,Jaru
714,Martyn,Coulter,mcoulterjt@reuters.com,151-318-5821,Eira Nova
715,Julie,Pirie,jpirieju@apache.org,756-306-9735,Yilongyong
716,Helli,Fend,hfendjv@washingtonpost.com,425-805-7509,Madrid
717,Terrie,Dorking,tdorkingjw@psu.edu,293-555-6303,Zhongfeng
718,Moira,Plaice,mplaicejx@oaic.gov.au,327-945-2010,Cipari
719,Danila,Eitter,deitterjy@sourceforge.net,387-175-1799,Munde
720,Zelma,Dilgarno,zdilgarnojz@springer.com,221-731-6211,Lāmerd
721,Ulric,Eveque,uevequek0@amazon.co.uk,357-710-2240,Sainte-Thérèse
722,Hilde,Loomes,hloomesk1@examiner.com,183-581-1004,Nīshābūr
723,Tamma,Oliver-Paull,toliverpaullk2@people.com.cn,651-300-0836,Vorontsovka
724,Lodovico,Landell,llandellk3@arstechnica.com,409-230-5390,Nyimba
725,Jeffrey,Sumsion,jsumsionk4@ameblo.jp,837-897-1467,Działdowo
726,Perri,Meier,pmeierk5@dyndns.org,654-608-0252,Santos Dumont
727,Brear,Albany,balbanyk6@cocolog-nifty.com,710-244-2314,Mchinji
728,Frederigo,Greser,fgreserk7@pagesperso-orange.fr,701-142-4618,Inari
729,Heidie,Hulland,hhullandk8@1und1.de,551-205-4523,Dolavón
730,Pancho,Espinola,pespinolak9@myspace.com,809-816-2281,Velká Polom
731,Marni,Zywicki,mzywickika@cnet.com,349-478-0253,Nueva Italia
732,Caryn,Mycock,cmycockkb@blogtalkradio.com,587-105-5166,Sukorejo
733,Fina,Breede,fbreedekc@mayoclinic.com,659-957-4701,Ouégoa
734,Myra,Nuzzi,mnuzzikd@de.vu,127-761-6377,Levashi
735,Betty,Hendrickson,bhendricksonke@microsoft.com,738-409-6419,Zango
736,Lock,Seymour,lseymourkf@reddit.com,685-181-7765,Pasolapida
737,Rozina,Yoodall,ryoodallkg@moonfruit.com,574-532-7069,Nankou
738,Bartlett,Bloggett,bbloggettkh@comsenz.com,215-333-8657,Vårby
739,Stanton,Dykas,sdykaski@etsy.com,718-778-0130,El Coco
740,Giacopo,Persence,gpersencekj@cbslocal.com,212-187-4413,Fartura
741,Hurlee,Matthiesen,hmatthiesenkk@bloglovin.com,830-514-4117,Zhenlai
742,Roley,Kleynermans,rkleynermanskl@java.com,478-651-6560,Temenggungan
743,Rochester,Oleszkiewicz,roleszkiewiczkm@smugmug.com,777-635-0233,Viraco
744,Ardene,Skerme,askermekn@godaddy.com,558-431-8096,La Virgen
745,Martica,Sorrel,msorrelko@imgur.com,728-558-8354,Bodø
746,Nickolai,Measures,nmeasureskp@buzzfeed.com,799-142-2988,Dawuhan
747,Risa,Attlee,rattleekq@ustream.tv,857-400-5807,Doloplazy
748,Shanan,Poletto,spolettokr@ucoz.ru,772-414-4935,Buenos Aires
749,Dalia,Colvine,dcolvineks@thetimes.co.uk,628-210-7678,Ghanzi
750,Michell,Shirtcliffe,mshirtcliffekt@last.fm,562-377-4479,Morelos
751,Banky,Abbots,babbotsku@epa.gov,612-232-6058,Rungis
752,Ricky,Moxom,rmoxomkv@ebay.co.uk,817-274-7343,Yonglong
753,Lothaire,Norcross,lnorcrosskw@google.es,121-447-6805,Shanjie
754,Garik,Heinecke,gheineckekx@google.com.br,280-199-4511,Levandeira
755,Denney,Leyman,dleymanky@ustream.tv,880-285-2053,La Cueva
756,Shermie,Seabright,sseabrightkz@ucsd.edu,485-108-1678,Nangen
757,Angelika,Rowbottam,arowbottaml0@blogtalkradio.com,202-243-0766,Papineauville
758,Catherina,Makepeace,cmakepeacel1@digg.com,484-396-9747,Qiqing
759,Timothy,Springell,tspringelll2@nationalgeographic.com,547-369-4210,Rtishchevo
760,Fleur,Etchells,fetchellsl3@goo.gl,569-885-5670,San Juan Bautista
761,Ole,Westney,owestneyl4@guardian.co.uk,842-184-2893,Sa’erhusong
762,Elston,Ferrao,eferraol5@quantcast.com,363-227-7510,Kauditan
763,Anderson,Currao,acurraol6@mac.com,432-106-3570,Pandanrejokrajan
764,Pen,Ruck,pruckl7@blogspot.com,228-498-2567,Guotan
765,Rudolf,Starten,rstartenl8@patch.com,755-330-7679,Estique
766,Rice,Hendrich,rhendrichl9@squarespace.com,132-104-9004,Ngaliyan
767,Devan,Ternault,dternaultla@amazon.de,900-907-1420,Brignoles
768,Sloan,Tuppeny,stuppenylb@craigslist.org,648-162-3418,Tingo María
769,Hunter,Frapwell,hfrapwelllc@latimes.com,716-472-1994,Marjayoûn
770,Osbert,Zavittieri,ozavittierild@statcounter.com,130-527-6422,Jacinto Arauz
771,Aaron,Grzegorzewicz,agrzegorzewiczle@squarespace.com,220-416-3544,Casa Branca
772,Joni,Cronshaw,jcronshawlf@rakuten.co.jp,672-209-3832,Agago
773,Ginger,Kinleyside,gkinleysidelg@wordpress.com,673-602-1582,Panjgūr
774,Laurie,Levermore,llevermorelh@senate.gov,127-880-5575,Black River
775,Sheridan,Margerrison,smargerrisonli@china.com.cn,676-162-8832,Lajeosa
776,Lulu,Harsent,lharsentlj@jugem.jp,589-421-3539,Bayramaly
777,Gerick,Colbridge,gcolbridgelk@cdc.gov,620-861-6973,Colendra
778,Jerrilyn,Morley,jmorleyll@printfriendly.com,412-590-3622,Pittsburgh
779,Dorian,Sinkings,dsinkingslm@surveymonkey.com,637-142-2536,Jiefang
780,Sandor,Renowden,srenowdenln@ask.com,966-228-9554,Sakai
781,Giff,Stallan,gstallanlo@ezinearticles.com,803-885-0123,Kafr Zaytā
782,Lilli,Peggram,lpeggramlp@google.pl,747-787-4444,Kazanskaya
783,Elbertina,De La Salle,edelasallelq@nps.gov,964-731-8884,Herrera
784,Rich,Alastair,ralastairlr@multiply.com,273-175-6857,Langádhia
785,Ripley,Lunt,rluntls@hubpages.com,824-306-6145,Inčukalns
786,Lou,Bisterfeld,lbisterfeldlt@netlog.com,752-216-6682,Bulgan
787,Lutero,Treweke,ltrewekelu@sbwire.com,516-610-3163,Lamawan
788,Petronilla,Allanby,pallanbylv@ucoz.ru,160-454-3632,Muff
789,Halli,Dobeson,hdobesonlw@odnoklassniki.ru,127-268-0666,Salto
790,Teresita,Pannett,tpannettlx@bloglines.com,642-839-4542,Vedène
791,Tan,Piddocke,tpiddockely@chicagotribune.com,291-150-0833,Sundbyberg
792,Coral,Paten,cpatenlz@xrea.com,586-817-2425,Sa Bot
793,Nick,Maypowder,nmaypowderm0@elpais.com,882-871-2580,Simpang
794,Zahara,Aldred,zaldredm1@wsj.com,447-407-0027,Ifakara
795,Chrissy,Hebburn,chebburnm2@pinterest.com,404-670-1575,Kubanskiy
796,Caesar,Murrow,cmurrowm3@earthlink.net,312-671-8445,Ranua
797,Antonin,Shiels,ashielsm4@npr.org,843-988-2974,West End
798,Anatole,Okenfold,aokenfoldm5@smh.com.au,722-660-7130,Silongin
799,Arnaldo,Lethieulier,alethieulierm6@howstuffworks.com,973-804-3920,Mvomero
800,Arron,Blakeden,ablakedenm7@artisteer.com,160-627-8326,Prroshyan
801,Mikol,Eskrigge,meskriggem8@e-recht24.de,994-556-1591,Conceição do Araguaia
802,Ronny,Nehlsen,rnehlsenm9@exblog.jp,845-791-0147,Paris 11
803,Valli,Bleyman,vbleymanma@bloglovin.com,584-699-3707,Luofang
804,Mireielle,Maden,mmadenmb@i2i.jp,418-530-9197,Pinaring
805,Mariellen,Tiley,mtileymc@sina.com.cn,538-490-5943,Gandekan
806,Mitchel,Emtage,memtagemd@alexa.com,620-456-7433,Olkusz
807,Aylmar,Vardey,avardeyme@eventbrite.com,798-748-0646,Narew
808,Arny,Clyma,aclymamf@cornell.edu,714-152-6235,Perštejn
809,Kathlin,Stowers,kstowersmg@senate.gov,369-433-4080,Al Jubayhah
810,Reta,Chazelas,rchazelasmh@sitemeter.com,217-910-5804,Springfield
811,Raquela,Jaulme,rjaulmemi@amazon.de,255-569-8850,Yiwa
812,Parnell,Holdworth,pholdworthmj@php.net,303-348-0518,Angoulême
813,Gavan,Plank,gplankmk@kickstarter.com,451-163-8702,Kičevo
814,Huey,Burder,hburderml@cocolog-nifty.com,200-790-4372,Gorna Oryakhovitsa
815,Ezri,Dalloway,edallowaymm@wufoo.com,582-704-1224,Fengshan
816,Abran,O' Mara,aomaramn@mysql.com,721-383-1344,Qingshui
817,Erv,Allenson,eallensonmo@independent.co.uk,582-162-2367,Jablonec nad Jizerou
818,Linn,Nelthropp,lnelthroppmp@upenn.edu,356-918-7406,Colonia Nicolich
819,Toni,Atack,tatackmq@infoseek.co.jp,986-979-9589,Razan
820,Gaye,Tort,gtortmr@e-recht24.de,481-237-7507,Salamá
821,Somerset,D'Aeth,sdaethms@cyberchimps.com,855-900-4682,McKinley
822,Annabel,Licquorish,alicquorishmt@soup.io,308-508-8965,Hongor
823,Tatiana,Denes,tdenesmu@skyrock.com,634-699-5401,Tokarnia
824,Bride,Coventon,bcoventonmv@infoseek.co.jp,876-814-6694,Gafanha de Aquém
825,Phoebe,Harriday,pharridaymw@photobucket.com,883-565-6325,Viļaka
826,Katleen,Luckings,kluckingsmx@macromedia.com,869-233-6589,Usquil
827,Brittney,Bauduccio,bbauducciomy@flickr.com,630-696-6185,Xinxian
828,Saul,Genn,sgennmz@purevolume.com,270-355-2574,Valparaíso
829,Ellissa,Plaunch,eplaunchn0@lulu.com,630-359-9313,Massy
830,Michaella,O'Daly,modalyn1@illinois.edu,979-590-1963,Staryy Krym
831,Washington,Longhurst,wlonghurstn2@dedecms.com,495-508-1122,Wonorejo
832,Gaspar,Orrell,gorrelln3@tumblr.com,352-171-1723,Chãos
833,Verna,Amsden,vamsdenn4@t.co,386-382-5199,Pasiragung
834,Veda,Harmour,vharmourn5@dedecms.com,216-174-6404,Karangtengah Lor
835,Mikel,Kerswill,mkerswilln6@nyu.edu,994-978-9399,Bakadagy
836,Filberte,Happer,fhappern7@sun.com,123-736-3885,Pasirlaja
837,Martin,Cyples,mcyplesn8@ifeng.com,177-356-5521,Changfu
838,Jennilee,Motion,jmotionn9@zimbio.com,915-693-2715,Daye
839,Eilis,Firby,efirbyna@mapquest.com,848-701-6237,Paço
840,Bax,Darbyshire,bdarbyshirenb@un.org,636-586-1393,Strážnice
841,Julina,Monteith,jmonteithnc@wufoo.com,788-618-6610,Sardasht
842,Jacky,Connikie,jconnikiend@about.me,677-791-2098,Zhongzuiling
843,Avery,Ambrogelli,aambrogelline@a8.net,964-296-1216,Manūjān
844,Charissa,Bouttell,cbouttellnf@deviantart.com,758-559-9034,Liugong
845,Sawyere,Menier,smenierng@ft.com,406-528-7637,Mawlaik
846,Bourke,Jeskins,bjeskinsnh@constantcontact.com,553-833-9913,Fāmenīn
847,Natassia,MacKimm,nmackimmni@illinois.edu,796-284-4217,Kinkala
848,Stephenie,Hazzard,shazzardnj@globo.com,577-728-8341,Linköping
849,Barbara-anne,Sawkins,bsawkinsnk@dion.ne.jp,472-464-1839,Libertad
850,Jenny,Riach,jriachnl@devhub.com,876-756-6134,Cigintung
851,Rosabelle,Stodhart,rstodhartnm@theglobeandmail.com,691-297-4137,Ādaži
852,Somerset,Dansey,sdanseynn@gmpg.org,935-751-4231,Kalān Deh
853,Jacky,Blinckhorne,jblinckhorneno@cnn.com,701-304-9968,Nueva Guinea
854,Aloise,Halling,ahallingnp@dropbox.com,165-938-2328,Lantian
855,Ursula,Verity,uveritynq@census.gov,837-969-9130,Albania
856,Lemuel,Beddows,lbeddowsnr@harvard.edu,506-984-4023,Baicaogou
857,Iver,Doornbos,idoornbosns@bizjournals.com,822-401-3324,Khao Kho
858,Dino,Cisar,dcisarnt@t.co,768-220-7418,Libertad
859,Lorilyn,Olczak,lolczaknu@printfriendly.com,894-271-9256,Cimara
860,Bay,Brownjohn,bbrownjohnnv@timesonline.co.uk,372-313-1306,Marinhais
861,Neel,Vallantine,nvallantinenw@trellian.com,165-141-2937,Safi
862,Malissia,Stenett,mstenettnx@guardian.co.uk,725-310-7271,Kudang
863,Royal,Iddins,riddinsny@nih.gov,735-592-9090,Quỳ Châu
864,Robinetta,Myhill,rmyhillnz@apple.com,803-525-6223,Žandov
865,Philipa,Albasiny,palbasinyo0@nps.gov,196-221-1609,Biltine
866,Stevana,Bubeer,sbubeero1@abc.net.au,963-913-6494,Mangli
867,Dorothee,Jeanes,djeaneso2@nymag.com,303-589-3839,Agpangi
868,Boyd,Ledington,bledingtono3@dot.gov,428-177-3787,Tungi
869,Davine,Bartoszek,dbartoszeko4@w3.org,949-812-3208,Huntington Beach
870,Nanon,Elders,nelderso5@google.es,274-889-4496,Songshi
871,Issy,Eslinger,ieslingero6@webeden.co.uk,398-528-7594,Nawá
872,Dorella,Beane,dbeaneo7@lycos.com,781-341-5096,Amsterdam
873,Myrilla,Matushevitz,mmatushevitzo8@cam.ac.uk,252-547-0440,Kurayyimah
874,Cloe,Altimas,caltimaso9@dailymotion.com,156-138-2218,Maogou
875,Elisa,Haburne,ehaburneoa@senate.gov,945-274-4004,Las Flores
876,Adolph,Rhydderch,arhydderchob@accuweather.com,441-389-4274,Logovskoye
877,Delano,Osbiston,dosbistonoc@utexas.edu,945-483-0735,Décines-Charpieu
878,Elvina,Hawkswood,ehawkswoodod@merriam-webster.com,509-172-2044,Szemud
879,Lowell,Laste,llasteoe@redcross.org,957-495-5583,Lazaro Cardenas
880,Killian,Younger,kyoungerof@springer.com,450-177-6722,Bacag
881,Kalli,Stoneley,kstoneleyog@usatoday.com,722-249-2817,Trélissac
882,Elvera,Yanele,eyaneleoh@seesaa.net,361-437-6322,Ladoang
883,Bud,Burger,bburgeroi@ehow.com,173-551-2812,Florida
884,Bartholemy,Mabon,bmabonoj@joomla.org,833-248-8073,Pasir
885,Steward,Lathwell,slathwellok@addthis.com,978-655-8741,Santa Cruz de la Sierra
886,Teddi,Blaszczynski,tblaszczynskiol@businesswire.com,790-785-2127,Pelem
887,Josy,Murkus,jmurkusom@blog.com,248-469-1161,Manjing
888,Wye,Fauguel,wfauguelon@ezinearticles.com,986-860-5640,Magaria
889,Charlene,Pledge,cpledgeoo@sciencedaily.com,610-240-0527,Souq Larb’a al Gharb
890,Ricki,Le Grove,rlegroveop@army.mil,422-325-0013,Kashiwazaki
891,Bettina,Searl,bsearloq@macromedia.com,336-477-4680,Jampang Tengah
892,Celinda,Tolputt,ctolputtor@nydailynews.com,948-686-6796,Urrô
893,Egor,Fagan,efaganos@w3.org,731-145-1053,Madrid
894,Darrel,Gurwood,dgurwoodot@ycombinator.com,810-875-0172,Detroit
895,Stephine,Jellman,sjellmanou@engadget.com,508-165-0018,Garoua
896,Ali,Siemons,asiemonsov@unc.edu,992-480-6098,Sovetsk
897,Calvin,Beecker,cbeeckerow@mlb.com,841-721-8276,Pasirlaja
898,Mildrid,Klain,mklainox@hc360.com,123-158-7988,Jadowniki
899,Farr,Dillon,fdillonoy@wired.com,928-200-9058,Chuanpu
900,Lottie,Goodright,lgoodrightoz@va.gov,767-206-6758,Visby
901,Felicle,Domanski,fdomanskip0@bandcamp.com,385-545-1799,Sidenreng
902,Lenna,Busby,lbusbyp1@hp.com,857-723-2408,Ikhtiman
903,Charity,Bagnell,cbagnellp2@sina.com.cn,975-790-5548,Artur Nogueira
904,Mirabella,Serridge,mserridgep3@facebook.com,707-684-5409,Évry
905,Sara-ann,Gunby,sgunbyp4@com.com,699-641-3935,Qazax
906,Barr,Skatcher,bskatcherp5@spiegel.de,856-604-4391,Thị Trấn Việt Quang
907,Karoly,Pettiford,kpettifordp6@soundcloud.com,895-407-8075,Larangan
908,Dionis,Polo,dpolop7@alexa.com,930-269-5341,Tournon-sur-Rhône
909,Daron,Winward,dwinwardp8@spiegel.de,886-585-3584,Santiago
910,Saloma,Siemon,ssiemonp9@sitemeter.com,590-773-7012,Chatou
911,Faunie,Martino,fmartinopa@goodreads.com,858-149-3513,Las Vegas
912,Hermione,Yuranovev,hyuranovevpb@e-recht24.de,149-935-6572,Ekibastuz
913,Betti,Ianson,biansonpc@mac.com,890-468-0227,Benito Juarez
914,Mindy,Liveing,mliveingpd@scribd.com,583-596-0444,Malati
915,Flor,Folling,ffollingpe@gov.uk,292-241-4601,Chipyela
916,Valentijn,Barthorpe,vbarthorpepf@ovh.net,565-714-0849,Kista
917,Domenic,Coultass,dcoultasspg@wunderground.com,834-301-1459,Huerta Grande
918,Caroljean,Gunton,cguntonph@va.gov,404-433-7844,Deauville
919,Garrik,Bingell,gbingellpi@youku.com,291-359-7352,Lazaro Cardenas
920,Hunfredo,Tompkin,htompkinpj@github.io,735-151-9532,Toyós
921,Joletta,Edkins,jedkinspk@parallels.com,365-275-2070,Lile
922,Tamara,Bannester,tbannesterpl@admin.ch,357-213-4089,Cotton Ground
923,Addison,Francino,afrancinopm@technorati.com,406-583-0318,Ol’ginka
924,Lannie,Entissle,lentisslepn@comsenz.com,873-574-3924,Vasil’yevskiy Mokh
925,Thorpe,Bonnell,tbonnellpo@earthlink.net,964-235-8444,Gyangkar
926,Pennie,Feldheim,pfeldheimpp@imgur.com,553-295-1406,Dashtavan
927,Padraic,Houselee,phouseleepq@ask.com,655-807-0258,Faḩmah
928,Lorin,Martellini,lmartellinipr@behance.net,808-740-8614,Santiaoshi
929,Erna,Carnelley,ecarnelleyps@csmonitor.com,401-821-9807,Xinfeng
930,Hallsy,Hyndes,hhyndespt@washington.edu,432-989-4040,Vitry-sur-Seine
931,Knox,McManamen,kmcmanamenpu@tumblr.com,884-571-6465,Itapaci
932,Vanna,Wrightson,vwrightsonpv@so-net.ne.jp,134-170-6434,Heyou
933,Arlene,Jarlmann,ajarlmannpw@ucla.edu,266-595-6361,Odiong
934,Dolores,Fenich,dfenichpx@jalbum.net,947-205-7929,Koška
935,Mauricio,Spohrmann,mspohrmannpy@hexun.com,294-323-4815,Ivry-sur-Seine
936,Valera,Alpes,valpespz@typepad.com,652-247-1021,Huangxi
937,Rob,Kmicicki,rkmicickiq0@people.com.cn,965-955-5712,Damascus
938,Kristen,Pauleau,kpauleauq1@vinaora.com,269-844-6692,Taurisma
939,Constancy,Putt,cputtq2@mozilla.org,361-501-5712,Castanheira
940,Ursula,Gravener,ugravenerq3@who.int,152-504-6125,Kudang
941,Waldemar,Argile,wargileq4@nasa.gov,656-671-1389,Boulogne-sur-Mer
942,Aleece,Bartolomeazzi,abartolomeazziq5@mlb.com,942-191-7373,Kota Kinabalu
943,Rusty,Fullick,rfullickq6@webnode.com,857-552-0190,Bojonegoro
944,Paolo,Gurwood,pgurwoodq7@wikimedia.org,393-989-2868,Tongzhong
945,Ninette,Sickert,nsickertq8@dagondesign.com,938-921-1966,Turkestan
946,Carmine,Bibey,cbibeyq9@1und1.de,942-267-4273,Jiulong
947,Drake,Rippen,drippenqa@rambler.ru,983-708-5011,Cikadongdong
948,Gabrila,Breward,gbrewardqb@va.gov,810-300-5971,Tanggung
949,Britta,Purseglove,bpursegloveqc@a8.net,985-325-8901,Bandera
950,Elsinore,Deverock,edeverockqd@com.com,744-808-7006,Poroj
951,Bette,Toope,btoopeqe@umn.edu,137-286-9127,El Bolsón
952,Westbrook,Keasey,wkeaseyqf@cyberchimps.com,149-753-8484,San Andres
953,Carly,Norrey,cnorreyqg@sina.com.cn,277-391-8770,Tajao
954,Angeli,Carl,acarlqh@marriott.com,935-931-4081,Diên Khánh
955,Ashlin,Callendar,acallendarqi@skype.com,495-975-5405,Ambositra
956,Dyanna,Gheorghescu,dgheorghescuqj@shop-pro.jp,909-241-4411,Świeradów-Zdrój
957,Mackenzie,Heis,mheisqk@soundcloud.com,710-668-5359,Corrego Grande
958,Stormi,Mournian,smournianql@seattletimes.com,604-941-3367,Erling
959,Miof mela,Dumbellow,mdumbellowqm@scientificamerican.com,878-115-4122,Aimadamodo
960,Rip,Keddie,rkeddieqn@4shared.com,133-285-2642,Chorotis
961,Gothart,Gaber,ggaberqo@nhs.uk,436-724-9971,Cangshan
962,Gustavo,Glading,ggladingqp@nih.gov,596-998-2256,Edinburgh of the Seven Seas
963,Jabez,Swayte,jswayteqq@walmart.com,740-335-7789,Changfu
964,Martyn,Littrick,mlittrickqr@wsj.com,131-284-3522,Creighton
965,Sebastian,Armer,sarmerqs@patch.com,666-835-5066,Dzięgielów
966,Terra,Dinnington,tdinningtonqt@flickr.com,316-709-5333,Benešov nad Černou
967,Matthus,Darlison,mdarlisonqu@sfgate.com,687-281-9012,Orkney
968,Del,Tettley,dtettleyqv@boston.com,550-141-1146,Soanindrariny
969,Veronica,Cuppleditch,vcuppleditchqw@jugem.jp,603-483-4651,Vydreno
970,Marge,Asee,maseeqx@oracle.com,924-954-3491,Goascorán
971,Gisella,Beetles,gbeetlesqy@hao123.com,101-956-9810,Qianchuan
972,Isaak,Barkess,ibarkessqz@4shared.com,775-772-5213,Dunleer
973,Leeland,Ferriman,lferrimanr0@census.gov,222-559-7173,Nyuksenitsa
974,Madelin,Capewell,mcapewellr1@163.com,778-386-5384,Haquira
975,Imojean,Dollen,idollenr2@cargocollective.com,694-495-2665,Lidong
976,Faythe,Beesey,fbeeseyr3@mit.edu,777-891-1213,Dal’nerechensk
977,Melba,Pumphrey,mpumphreyr4@people.com.cn,630-526-2199,Xiaoqi
978,Jaimie,Carles,jcarlesr5@cnet.com,141-373-0113,Fonte Boa
979,Farand,Soame,fsoamer6@shop-pro.jp,852-579-1650,Ku‘aydinah
980,Tadio,Hadaway,thadawayr7@biblegateway.com,925-684-8471,Hulu
981,Meir,Kleinber,mkleinberr8@bigcartel.com,339-263-1703,Naha-shi
982,Drusy,Bellew,dbellewr9@ask.com,899-263-5503,Kapenguria
983,Conrado,Rodrigues,crodriguesra@joomla.org,667-251-5191,Melres
984,Boony,Garretts,bgarrettsrb@google.ca,358-328-8361,Plataran
985,Bette-ann,Reven,brevenrc@example.com,346-606-9233,Palana
986,Mal,Edinburough,medinburoughrd@wix.com,791-247-6207,Pescadería
987,Pyotr,Keling,pkelingre@toplist.cz,666-240-6563,Bilshivtsi
988,Hertha,Toby,htobyrf@yellowpages.com,348-601-6722,Zhanghua
989,Anstice,McDonogh,amcdonoghrg@sitemeter.com,426-912-4908,Hacıqabul
990,Ephrem,Abbess,eabbessrh@youku.com,520-483-9676,Pimentel
991,Markos,Patterson,mpattersonri@arizona.edu,768-169-1712,Tân Hòa
992,Berta,Philippart,bphilippartrj@hud.gov,588-540-9732,Fagersta
993,Hobie,Gorusso,hgorussork@tinyurl.com,848-953-0993,Gusau
994,Celia,Roskell,croskellrl@answers.com,337-367-0510,Lafayette
995,Dwain,Goodliffe,dgoodlifferm@ucsd.edu,584-810-0417,Yiwa
996,Monti,Guarin,mguarinrn@parallels.com,304-554-5085,Huntington
997,Lonnard,Normanvell,lnormanvellro@purevolume.com,993-117-5923,Jetak Kulon
998,Ericka,Mayze,emayzerp@eepurl.com,524-783-4498,Blangpulo
999,Vasilis,Jeppensen,vjeppensenrq@auda.org.au,703-515-6944,Dolní Libina
1000,Carlynn,Trayte,ctrayterr@chicagotribune.com,489-522-3369,Salinas
